Runs,Seven,Nine,Eleven,Thirteen,Fifteen,Twenty
GrowthOnly,59.70761664711922,65.69535415354675,67.56826673858794,125.35330594938105,126.76266808319146,132.33906499414744
CAB,79.57612159124552,78.99373080686435,80.68589488067795,75.71255401583538,75.66997194134235,77.30994432575206
Infl,73.20683079784428,67.7365006133705,72.50845312505771,74.20596337105758,71.97447268506544,73.33285872033751
EXDEBT,112.70716589890102,111.96984027320553,102.93858586215404,99.46700878556138,98.85470673862045,100.24305792726764
None,62.73040040309584,67.39800506882732,133.11195274311575,132.82786378425106,134.57160835490086,118.26502582109308
