Varname,Mean,Median,StdDev,N
AmountAgreedPercentGDP,2.076695149180077,1.24907535,2.389705455873501,522
simple_conditions,33.099750623441395,30.0,20.447249813548428,401
DWDI,2.3167634037719282,3.2593489,5.669370373062558,513
Infl,45.61043707828839,12.0567375886525,155.476001767232,457
CAB,-4.403009798899856,-3.7984706461235485,6.9973275025636354,412
EXDEBT,64.57066507552591,50.15468111361005,64.68216934191189,407
