Runs,Seven,Nine,Eleven,Thirteen,Fifteen,TwentyFive
GrowthOnly,116.85919605712591,110.84732609861749,110.61308937590222,194.1877456513789,205.71145290433915,213.1400261582965
CAB,110.09479117823447,106.8238355864186,111.54628909073772,108.31445898426652,121.11144102713367,141.81702833755085
Infl,111.70675193812494,108.71473869493755,111.38344903644887,115.99314916900103,129.68607016298398,139.3598427793067
EXDEBT,175.0198257502807,179.68881457950727,151.64177972581018,145.38621664298964,142.88030733756528,173.2799987258822
